{
    "rmse": 0.7232036506729167,
    "mae": 0.5697597965928459,
    "r2": 0.22443222191416623
}